Filename,Size,Unit
DBZ - 054 - Ginyu Assualt_www.CoolDBZ.com.rmvb,46.94,M
DBZ - 090 - Mighty Blast of Rage_www.CoolDBZ.co.nr.rmvb,36.47,M
DBZ - 083 - A Final Attack_www.CoolDBZ.com.rmvb,35.06,M
DBZ - 110 - Goku_s Ordeal_www.CoolDBZ.co.nr.rmvb,34.96,M
DBZ - 103 - Freiza_s Counterattack_www.CoolDBZ.co.nr.rmvb,34.82,M
"DBZ - 198 - Big Trouble, Little Trunks_www.CoolDBZ.com.rmvb",34.56,M
DBZ - 114 - Upgrade to Super Saiyan_www.CoolDBZ.co.nr.rmvb,34.52,M
DBZ - 087 - Duel on a Vanishing Planet_www.CoolDBZ.co.nr.rmvb,34.51,M
DBZ - 001 - The Arrival of Raditz_www.CoolDBZ.com.rm,34.46,M
DBZ - 105 - Another Super Saiyan_www.CoolDBZ.co.nr.rmvb,34.44,M
DBZ - 263 - True Saiyans Fight Alone_CoolDBZ.co.nr.rmvb,34.44,M
DBZ - 015 - A Black Day For Planet Earth_Cooldbz.com.rmvb,34.4,M
"DBZ - 208 - Next Up, Goku_www.CoolDBZ.com.rmvb",34.35,M
DBZ - 088 - Pathos of Frieza_www.CoolDBZ.co.nr.rmvb,34.3,M
DBZ - 063 - The Fusion_www.CoolDBZ.com.rmvb,34.22,M
DBZ - 275 - Buu's Reincarnation_www.CoolDBZ.com.rmvb,34.2,M
DBZ - 239 - The Evil Of Men_www.CoolDBZ.com.rmvb,34.19,M
DBZ - 076 - Embodiment of Fire_www.CoolDBZ.com.rmvb,34.14,M
DBZ - 149 - Ghosts from Tomorrow_www.CoolDBZ.co.nr.rmvb,34.1,M
DBZ - 122 - Last Ditch Effort_www.CoolDBZ.co.nr.rmvb,34.08,M
DBZ - 248 - A Whole New Gohan_www.CoolDBZ.com.rmvb,34.05,M
DBZ - 266 - Minutes Of Desperation_www.CoolDBZ.co.nr.rmvb,34.04,M
DBZ - 062 - Piccolo's Return_www.CoolDBZ.com.rmvb,33.99,M
DBZ - 265 - Vegeta_s Respect_CoolDBZ.com.rmvb,33.98,M
DBZ - 214 - Vegeta_s Pride_www.CoolDBZ.com.rmvb,33.95,M
DBZ - 038 - A Collision Course_www.CoolDBZ.co.nr.rm,33.94,M
DBZ - 254 - Meet Vegito_www.CoolDBZ.com.rmvb,33.9,M
DBZ - 025 - Stop Vegeta Now!_CoolDBZ.com.rm,33.89,M
DBZ - 272 - Celebrations With Majin Buu_www.CoolDBZ.com.rmvb,33.87,M
DBZ - 109 - Z Warriors Prepare_www.CoolDBZ.co.nr.rmvb,33.82,M
DBZ - 108 - Goku_s Special Tecnique_www.CoolDBZ.co.nr.rmvb,33.79,M
DBZ - 216 - The Magic Ball Of Buu_www.CoolDBZ.com.rmvb,33.78,M
DBZ - 102 - Krillin_s Proposal_www.CoolDBZ.co.nr.rmvb,33.77,M
DBZ - 271 - Spirit Bomb Triumphant_www.CoolDBZ.com.rmvb,33.76,M
DBZ - 057 - Goku is Ginyu and Ginyu is Goku_www.CoolDBZ.com.rmvb,33.75,M
DBZ - 209 - Battle Supreme_www.CoolDBZ.com.rmvb,33.74,M
DBZ - 220 - Meal Time_www.CoolDBZ.com.rmvb,33.69,M
DBZ - 002 The World_s Strongest_CoolDBZ.com.rmvb,33.68,M
DBZ - 037 - Secrets Revealed_www.CoolDBZ.co.nr.rm,33.6,M
DBZ - 046 - Big Trouble For Bulma_www.CoolDBZ.co.nr.rm,33.49,M
DBZ - 176 - Save the World_www.CoolDBZ.co.nr.rmvb,33.47,M
DBZ - 079 - Power of the Spirit_www.CoolDBZ.co.nr.rmvb,33.36,M
DBZ - 144 - The Last Defence_www.CoolDBZ.co.nr.rmvb,33.35,M
DBZ - 227 - Learn To Fuse_www.CoolDBZ.com.rmvb,33.35,M
DBZ - 204 - Energy Drain_www.CoolDBZ.com.rmvb,33.3,M
DBZ - 258 - The Innards Of Buu_www.CoolDBZ.com.rmvb,33.27,M
DBZ - 074 - Frieza_s Boost_www.CoolDBZ.com.rmvb,33.26,M
DBZ - 082 - Namek_s Destruction_www.CoolDBZ.co.nr.rmvb,33.24,M
DBZ - 274 - Granddaughter Pan_www.CoolDBZ.com.rmvb,33.23,M
DBZ - 234 - Return To the Other World_www.CoolDBZ.com.rmvb,33.2,M
DBZ - 153 - Meet Me in the Ring_www.CoolDBZ.co.nr.rmvb,33.2,M
DBZ - 221 - The Warriors Decision_www.CoolDBZ.com.rmvb,33.2,M
DBZ - 177 - Goku_s Noble Decision_www.CoolDBZ.co.nr.rmvb,33.19,M
DBZ - 229 - Race To Capsule Corp_www.CoolDBZ.com.rmvb,33.18,M
DBZ - 192 - Take Flight Videl_www.CoolDBZ.com.rmvb,33.17,M
DBZ - 066 - Deja Vu_www.CoolDBZ.com.rmvb,33.14,M
DBZ - 191 - The Newest Super Saiyan_www.CoolDBZ.com.rmvb,33.13,M
DBZ - 107 - Mystery Revealed_www.CoolDBZ.co.nr.rmvb,33.12,M
DBZ - 124 - Unwelcome Discovery_www.CoolDBZ.co.nr.rmvb,33.11,M
DBZ - 264 - Battle For The Universe Begins.rmvb,33.1,M
DBZ - 104 - The Mysterious Youth_www.CoolDBZ.co.nr.rmvb,33.1,M
DBZ - 260 - Deadly Vision_www.CoolDBZ.com.rmvb,33.1,M
DBZ - 064 - Fighting Power One Million_www.CoolDBZ.com.rmvb,33.09,M
DBZ - 199 - Who  Will Fight Who_www.CoolDBZ.com.rmvb,33.08,M
DBZ - 175 - The Horror wont End_www.CoolDBZ.co.nr.rmvb,33.08,M
DBZ - 142 - Hour of Temptation_www.CoolDBZ.co.nr.rmvb,33.07,M
DBZ - 243 Super Moves Of Gotenks_www.CoolDBZ.com.rmvb,33.07,M
DBZ - 155 - A Girl Named Lime_www.CoolDBZ.co.nr.rmvb,33.06,M
DBZ - 111 - The Androids Appear_www.CoolDBZ.co.nr.rmvb,33.05,M
DBZ - 267 - Old Buu Emerges_CoolDBZ.co.nr.rmvb,33.03,M
DBZ - 085 - Gohan Returns_www.CoolDBZ.co.nr.rmvb,33.03,M
DBZ - 213 - The Dark Prince Returns_www.CoolDBZ.com.rmvb,33.02,M
DBZ - 024 - Vegeta... Saiyan Style!_CoolDBZ.com.rm,33.01,M
DBZ - 050 - Time Tricks and Body Binds_www.CoolDBZ.co.nr.rmvb,33.01,M
DBZ - 100 - The World Awakens_www.CoolDBZ.co.nr.rmvb,33,M
DBZ - 151 - What is the Tournament_www.CoolDBZ.co.nr.rmvb,32.99,M
DBZ - 270 - People Of Earth Unite_www.CoolDBZ.com.rmvb,32.99,M
DBZ - 200 - Forfeit Of Piccolo_www.CoolDBZ.com.rmvb,32.95,M
DBZ - 067 - Freiza_s Second Transformation_www.CoolDBZ.com.rmvb,32.94,M
DBZ - 119 - Goku_s Assasin_www.CoolDBZ.co.nr.rmvb,32.93,M
DBZ - 148 - Saving Throw_www.CoolDBZ.co.nr.rmvb,32.91,M
DBZ - 236 - Gotenks Is Born_www.CoolDBZ.com.rmvb,32.91,M
DBZ - 245 - Feeding Frenzy_www.CoolDBZ.com.rmvb,32.9,M
DBZ - 008 - Home For Infinite Losers_CoolDBZ.com.rm,32.88,M
DBZ - 027 - A New Goal...... Namek_www.CoolDBZ.co.nr.rmvb,32.86,M
DBZ - 268 Earth Reborn_www.CoolDBZ.com.rmvb,32.86,M
DBZ - 194 - Camera Shy_www.CoolDBZ.com.rmvb,32.86,M
DBZ - 098 - Suicidal Course_www.CoolDBZ.co.nr.rmvb,32.84,M
DBZ - 112 - A Handy Trick_www.CoolDBZ.co.nr.rmvb,32.78,M
DBZ - 056- Frieza Approaches_www.CoolDBZ.com.rmvb,32.78,M
DBZ - 190 - I Will Fight Too_www.CoolDBZ.co.nr.rmvb,32.78,M
DBZ - 120 - Deadly Beauty_www.CoolDBZ.co.nr.rmvb,32.77,M
DBZ - 078 - Keep the Chance Alive_www.CoolDBZ.com.rmvb,32.74,M
DBZ - 145 - Cell is Complete_www.CoolDBZ.co.nr.rmvb,32.74,M
DBZ - 147 - Trunks Ascends_www.CoolDBZ.co.nr.rmvb,32.74,M
DBZ - 166 - Faith in a Boy_www.CoolDBZ.co.nr.rmvb,32.74,M
DBZ - 096 - Fight with Piccolo_www.CoolDBZ.co.nr.rmvb,32.73,M
DBZ - 048 - Arrival of the Ginyu Force_www.CoolDBZ.co.nr.rmvb,32.72,M
DBZ - 187 - Gohan's First Date_www.CoolDBZ.co.nr.rmvb,32.69,M
DBZ - 159 - The Puzzle Of General Tao_www.CoolDBZ.co.nr.rmvb,32.68,M
DBZ - 106 - Welcome Back Goku_www.CoolDBZ.co.nr.rmvb,32.67,M
DBZ - 023 - Goku vs Vegeta.._www.CoolDBZ.com.rm,32.67,M
DBZ - 068 - Another Transformation_www.CoolDBZ.com.rmvb,32.65,M
DBZ - 273 - He Is Always Late_www.CoolDBZ.com.rmvb,32.64,M
DBZ - 028 - Journey To Namak_www.CoolDBZ.co.nr.rmvb,32.62,M
DBZ - 223 - Evil Lives On_www.CoolDBZ.com.rmvb,32.61,M
DBZ - 091 - Namek_s Explosion. Goku_s END.rmvb,32.6,M
DBZ - 205 - The Wizard_s Curse_www.CoolDBZ.com.rmvb,32.6,M
DBZ - 009 - Princess Snake_s Hospitality_CoolDBZ.com.rm,32.58,M
DBZ - 181 - Tournament Begins_www.CoolDBZ.co.nr.rmvb,32.57,M
DBZ - 196 - Trunks Vs Goten_www.CoolDBZ.com.rmvb,32.57,M
DBZ - 035 - The Namaks Versus Frieza_www.CoolDBZ.co.nr.rm,32.55,M
DBZ - 036 - Escape from Dedoria_www.CoolDBZ.co.nr.rm,32.55,M
DBZ - 092 - Goku_s Alive_www.CoolDBZ.co.nr.rmvb,32.54,M
DBZ - 178 - One More Wish_www.CoolDBZ.co.nr.rmvb,32.52,M
DBZ - 276 - Goku's Next Journey_www.CoolDBZ.com.rmvb,32.52,M
DBZ - 225 - Revival_www.CoolDBZ.com.rmvb,32.51,M
DBZ - 250 - Majin Buu Transforms_www.CoolDBZ.com.rmvb,32.5,M
DBZ - 022 - Goku strikes back_CoolDBZ.com.rm,32.49,M
DBZ - 086 - The Last Wish_www.CoolDBZ.co.nr.rmvb,32.48,M
DBZ - 069 - Dende_s Demise_www.CoolDBZ.com.rmvb,32.47,M
DBZ - 160 - The Games Begin_www.CoolDBZ.co.nr.rmvb,32.44,M
DBZ - 125 - Seized with Fear_www.CoolDBZ.co.nr.rmvb,32.42,M
DBZ - 203 - Identities Revealed_www.CoolDBZ.com.rmvb,32.41,M
DBZ - 115 - The Secret of Dr. Gero_CoolDBZ.co.nr.rm,32.4,M
DBZ - 033 - Faceoff On Namak_www.CoolDBZ.co.nr.rm,32.4,M
DBZ - 193 - Gather for the Tournament_www.CoolDBZ.com.rmvb,32.39,M
DBZ - 059 - Gohan Defeat Your Dad!!_www.CoolDBZ.com.rmvb,32.39,M
DBZ - 010 - Escape from Piccolo_CoolDBZ.com.rm,32.36,M
DBZ - 013 - A Fight Against Gravity..Catch Bubbles_CoolDBZ.com.rm,32.36,M
DBZ - 126 - The Reunion_www.CoolDBZ.co.nr.rmvb,32.36,M
DBZ - 021 - The Return of Goku_CoolDBZ.com.rm,32.35,M
DBZ - 215 - The Long Awaited Fight_www.CoolDBZ.com.rmvb,32.33,M
DBZ - 080 - Transformed at Last_www.CoolDBZ.co.nr.rmvb,32.33,M
DBZ - 158 - Dende_s Dragon_www.CoolDBZ.co.nr.rmvb,32.32,M
DBZ - 116 - More Androids_www.CoolDBZ.co.nr.rm,32.32,M
DBZ - 143 - Krillin_s Decision_www.CoolDBZ.co.nr.rmvb,32.32,M
DBZ - 014 - Legend Of the Saiyans_CoolDBZ.com.rm,32.31,M
DBZ - 029 - Friends or Foes!!_www.CoolDBZ.co.nr.rm,32.31,M
DBZ - 045 - Immortality Denied_www.CoolDBZ.co.nr.rm,32.29,M
DBZ - 211 - Pay To Win_www.CoolDBZ.com.rmvb,32.28,M
DBZ - 006 - Gohan Makes A Friend_CoolDBZ.com.rm,32.28,M
DBZ - 041 - The Eldest Namak_www.CoolDBZ.co.nr.rm,32.24,M
DBZ - 040 - Zarbon Transformed_www.CoolDBZ.co.nr.rm,32.24,M
DBZ - 042 - Get Vegeta_www.CoolDBZ.co.nr.rm,32.24,M
DBZ - 044 - A Heavy Burden_www.CoolDBZ.co.nr.rm,32.23,M
DBZ - 020 - Time_s Up_CoolDBZ.com.rm,32.23,M
DBZ - 206 - King Of the Demons_www.CoolDBZ.com.rmvb,32.22,M
DBZ - 140 - Super Vegeta_www.CoolDBZ.com.rmvb,32.22,M
DBZ - 039 - Stay Away From Frieze_www.CoolDBZ.co.nr.rm,32.22,M
DBZ - 253 - Union Of Rivals_www.CoolDBZ.com.rmvb,32.2,M
DBZ - 005 - Gohans Methamorphoses_CoolDBZ.com.rm,32.2,M
DBZ - 049 - Elite Fighters of The Universe... The Ginyu Force_www.CoolDBZ.co.nr.rmvb,32.18,M
DBZ - 016 - The Fight Begins...Goku where Are you_www.CoolDBZ.com.rm,32.18,M
DBZ - 051 - No Refuge from Recoome_www.CoolDBZ.co.nr.rmvb,32.18,M
DBZ - 269 Call To Action_www.CoolDBZ.com.rmvb,32.18,M
DBZ - 238 - I Kill No More_www.CoolDBZ.com.rmvb,32.16,M
DBZ - 026 - The Battle Ends_CoolDBZ.com.rm,32.15,M
DBZ - 071 - The End of Vegeta_www.CoolDBZ.com.rmvb,32.15,M
DBZ - 132 - Time Chamber_www.CoolDBZ.co.nr.rmvb,32.13,M
DBZ - 047 - Scramble For the Dragonballs_www.CoolDBZ.co.nr.rm,32.13,M
DBZ - 019 - Tien goes all out_CoolDBZ.com.rm,32.11,M
DBZ - 007 - Trouble On Arlia_CoolDBZ.com.rm,32.1,M
DBZ - 061 - Password is Porunga_www.CoolDBZ.com.rmvb,32.09,M
DBZ - 255 - Rip In The Universe_www.CoolDBZ.com.rmvb,32.07,M
DBZ - 123 - Closing In_www.CoolDBZ.com.rmvb,32.07,M
DBZ - 058 - Calling the Eternal Dragon_www.CoolDBZ.com.rmvb,32.07,M
DBZ - 011 - Showdown in the Past_CoolDBZ.com.rm,32.07,M
DBZ - 012 - The End of Snake Way_CoolDBZ.com.rm,32.05,M
DBZ - 053 - Goku... Super Saiyan!!!_CoolDBZ.com.rmvb,32.05,M
DBZ - 043 - Vegeta Revived_www.CoolDBZ.co.nr.rm,32.05,M
DBZ - 241 - Empty Planet_www.CoolDBZ.com.rmvb,32.03,M
DBZ - 180 - Warriors of the Dead_www.CoolDBZ.co.nr.rmvb,32.03,M
DBZ - 182 - Water Fight_www.CoolDBZ.co.nr.rmvb,32.02,M
DBZ - 152 - Doom_s Day Broadcast_www.CoolDBZ.co.nr.rmvb,32,M
DBZ - 018 - Nappa the Invincible_CoolDBZ.com.rm,32,M
DBZ - 167 - Gohan_s Desperate Plea__www.CoolDBZ.co.nr.rmvb,31.99,M
DBZ - 232 - The Fusion Dance_www.CoolDBZ.com.rmvb,31.98,M
DBZ - 235 - Out From The Broken Sword_www.CoolDBZ.com.rmvb,31.96,M
DBZ - 262 - End of Earth_CoolDBZ.co.nr.rmvb,31.95,M
DBZ - 117 - Follow Dr. Gero_www.CoolDBZ.co.nr.rm,31.94,M
DBZ - 201 - A Dark And Secret Power_www.CoolDBZ.com.rmvb,31.9,M
DBZ - 129 - Piccolo_s Folly_www.CoolDBZ.co.nr.rmvb,31.89,M
DBZ - 186 - I am a Saiyaman_www.CoolDBZ.co.nr.rmvb,31.86,M
DBZ - 226 - Global Announcement_www.CoolDBZ.com.rmvb,31.85,M
DBZ - 094 - Black Fog of Terror_www.CoolDBZ.co.nr.rmvb,31.82,M
DBZ - 137 - Say GoodBye_17_www.CoolDBZ.co.nr.rmvb,31.78,M
DBZ - 249 - Search For Survivors_www.CoolDBZ.com.rmvb,31.78,M
DBZ - 131 - Our Hero Awakens_www.CoolDBZ.co.nr.rmvb,31.78,M
DBZ - 237 - Unlikely Friendship_www.CoolDBZ.com.rmvb,31.77,M
DBZ - 240 - Buu Against Buu_www.CoolDBZ.co.nr.rmvb,31.77,M
DBZ - 017 - The Saimen Strike_CoolDBZ.com.rm,31.76,M
DBZ - 052 - Enter Goku_www.CoolDBZ.co.nr.rmvb,31.76,M
DBZ - 089 - Frieza Defeated_www.CoolDBZ.co.nr.rmvb,31.76,M
DBZ - 031 - Whos Who_www.CoolDBZ.co.nr.rm,31.73,M
DBZ - 070 - The Renewed Goku_www.CoolDBZ.com.rmvb,31.72,M
DBZ - 060 - Captain Ginyu... The Frog_www.CoolDBZ.com.rmvb,31.72,M
DBZ - 075 - Bold and Fearless_www.CoolDBZ.co.nr.rmvb,31.72,M
DBZ - 072 - The Ultimate Battle_www.CoolDBZ.com.rmvb,31.72,M
DBZ - 130 - Laboratory Experiment_www.CoolDBZ.co.nr.rmvb,31.71,M
DBZ - 242 Time Struggle_www.CoolDBZ.com.rmvb,31.71,M
DBZ - 156 - Memories of Gohan_www.CoolDBZ.co.nr.rmvb,31.7,M
DBZ - 034 - The Ruthless Frieza_www.CoolDBZ.co.nr.rm,31.7,M
DBZ - 138 - Sacrifice_www.CoolDBZ.com.rmvb,31.67,M
DBZ - 128 - His Name is Cell_www.CoolDBZ.co.nr.rmvb,31.67,M
DBZ - 224 - Find The Dragonballs_www.CoolDBZ.com.rmvb,31.67,M
DBZ - 162 - Goku Vs Cell_www.CoolDBZ.co.nr.rmvb,31.63,M
DBZ - 134 - He_s Here_www.CoolDBZ.co.nr.rmvb,31.63,M
DBZ - 032 - Touchdown On Namak_www.CoolDBZ.co.nr.rm,31.63,M
DBZ - 135 - Upto Piccolo_www.CoolDBZ.co.nr.rmvb,31.63,M
DBZ - 247 - UnLucky Break_www.CoolDBZ.com.rmvb,31.59,M
DBZ - 113 - Double Trouble for Goku_www.CoolDBZ.co.nr.rmvb,31.57,M
DBZ - 055 - Incredible Force_www.CoolDBZ.com.rmvb,31.56,M
DBZ - 217 - Buu Is Hatched_www.CoolDBZ.com.rmvb,31.56,M
DBZ - 081 - Explosion of Anger_www.CoolDBZ.co.nr.rmvb,31.55,M
DBZ - 252 - Ready To Fuse_www.CoolDBZ.com.rmvb,31.54,M
DBZ - 030 - Hunt For a Dragonball_www.CoolDBZ.co.nr.rm,31.53,M
DBZ - 244 - Trapped in Forever_www.CoolDBZ.co.nr.rmvb,31.52,M
DBZ - 210 - Eighteen Unmasks_www.CoolDBZ.com.rmvb,31.52,M
DBZ - 141 - Bow To the Prince_www.CoolDBZ.co.nr.rmvb,31.52,M
DBZ - 161 - The Loser_s Fight First_www.CoolDBZ.co.nr.rmvb,31.52,M
DBZ - 228 - The Z Sword_www.CoolDBZ.com.rmvb,31.51,M
DBZ - 171 - Unstoppable Gohan__www.CoolDBZ.co.nr.rmvb,31.51,M
DBZ - 065 - Piccolo the Super-Namek_www.CoolDBZ.com.rmvb,31.49,M
DBZ - 097 - Call for Restoration_www.CoolDBZ.co.nr.rmvb,31.44,M
DBZ - 246 - Gotenks Is Awesome_www.CoolDBZ.com.rmvb,31.43,M
DBZ - 154 - No Worries Here_www.CoolDBZ.co.nr.rmvb,31.41,M
DBZ - 179 - Free the Future_www.CoolDBZ.co.nr.rmvb,31.41,M
DBZ - 218 - The Losses Begins_www.CoolDBZ.com.rmvb,31.4,M
DBZ - 183 - Final Round_www.CoolDBZ.co.nr.rmvb,31.38,M
DBZ - 195 - The World Tournament_www.CoolDBZ.com.rmvb,31.37,M
DBZ - 003 - Gohan_s Hidden Powers_CoolDBZ.com.rmvb,31.35,M
DBZ - 233 - Goku_s Time Is Up_www.CoolDBZ.com.rmvb,31.33,M
DBZ - 222 - Final Atonement_www.CoolDBZ.com.rmvb,31.31,M
DBZ - 093 - The Heaven_s Tremble_www.CoolDBZ.co.nr.rmvb,31.3,M
DBZ - 136 - Silent Warrior_www.CoolDBZ.co.nr.rmvb,31.26,M
DBZ - 174 - Cell Returns_www.CoolDBZ.co.nr.rmvb,31.23,M
DBZ - 230 - Super Saiyan 3_www.CoolDBZ.com.rmvb,31.23,M
DBZ - 139 - Saiyans Emerge_www.CoolDBZ.com.rmvb,31.22,M
DBZ - 118 - Nightmare Comes True_www.CoolDBZ.co.nr.rm,31.21,M
DBZ - 170 - The Unleashing_www.CoolDBZ.co.nr.rmvb,31.21,M
DBZ - 168 - Android Explosion__www.CoolDBZ.co.nr.rmvb,31.19,M
DBZ - 004 - Gokus Unusual Journey_www.CoolDBZ.com.rm,31.12,M
DBZ - 219 - The Terror Of Majin Buu_www.CoolDBZ.com.rmvb,31.1,M
DBZ - 077 - Trump Card_www.CoolDBZ.com.rmvb,31.07,M
DBZ - 173 - A Hero_s Farewell_www.CoolDBZ.co.nr.rmvb,31.05,M
DBZ - 073 - The Clash of the Superpowers_www.CoolDBZ.com.rmvb,31.01,M
DBZ - 197 - Best of the Boys_www.CoolDBZ.com.rmvb,30.99,M
DBZ - 172 - Cell_s Mighty Breakdown_www.CoolDBZ.co.nr.rmvb,30.98,M
DBZ - 084 - Approaching Destruction_www.CoolDBZ.co.nr.rmvb,30.91,M
DBZ - 259 - Mind Trap_www.CoolDBZ.com.rmvb,30.85,M
DBZ - 188 - Rescue Videl_www.CoolDBZ.co.nr.rmvb,30.83,M
DBZ - 163 - Cell_s Bag of Tricks_www.CoolDBZ.co.nr.rmvb,30.81,M
DBZ - 165 - The Fight is Over_www.CoolDBZ.co.nr.rmvb,30.81,M
DBZ - 164 - No More Rules_www.CoolDBZ.co.nr.rmvb,30.78,M
DBZ - 095 - Battle in Kami_s lookout_www.CoolDBZ.co.nr.rmvb,30.76,M
DBZ - 127 - Borrowed Powers_www.CoolDBZ.co.nr.rmvb,30.7,M
DBZ - 157 - A New Guardian_www.CoolDBZ.co.nr.rmvb,30.68,M
DBZ - 251 - The Old Kai_s Weapon_www.CoolDBZ.com.rmvb,30.67,M
DBZ - 212 - Heart Of A Villian_www.CoolDBZ.com.rmvb,30.63,M
DBZ - 146 - Vegeta Must Pay_www.CoolDBZ.co.nr.rmvb,30.62,M
DBZ - 099 - Extreme Measures_www.CoolDBZ.co.nr.rmvb,30.56,M
DBZ - 257 - The Incredible Fighting Candy_www.CoolDBZ.com.rmvb,30.52,M
DBZ - 261 - Evil Kid Buu_CoolDBZ.co.nr.rmvb,30.34,M
DBZ - 189 - Blackmail_www.CoolDBZ.co.nr.rmvb,30.23,M
DBZ - 169 - Children of Cell Attack__www.CoolDBZ.co.nr.rmvb,30.14,M
DBZ - 256 - Vegeta Downsized_www.CoolDBZ.com.rmvb,30.01,M
DBZ - 150 - The Cell Games_www.CoolDBZ.co.nr.rmvb,30,M
DBZ - 231 - Buu_s Mutiny_www.CoolDBZ.com.rmvb,29.94,M
DBZ - 202 - Videl Is Crushed_www.CoolDBZ.com.rmvb,29.89,M
DBZ - 185 - Gohan goes to High School_www.CoolDBZ.com.rmvb,29.78,M
DBZ - 101 - Brief Chance for Victory_www.CoolDBZ.co.nr.rmvb,29.74,M
DBZ - 207 - Vegeta Attacks_www.CoolDBZ.com.rmvb,29.66,M
DBZ - 133 - The Monster is coming_www.CoolDBZ.co.nr.rmvb,29.63,M
DBZ - 184 - Goku Vs Pikkon_www.CoolDBZ.com.rmvb,29.07,M
DBZ - 121 - No Match for the Androids_www.CoolDBZ.co.nr.rmvb,28.96,M
